{
    "train_loss": [
        262.57925403265193,
        717.784714956328,
        403.5307481173362,
        418.4640407296346,
        354.67294727144287,
        816.0860186067953,
        593.833471850146,
        2542.148448218272,
        1001.9004500456687,
        1853.9874634186906,
        1135.0616802816305,
        1783.7365664885963,
        692.511024502529,
        960.0968443024435,
        454.25540343908386,
        464.5287638274805,
        556.5139660987129,
        776.4684855346713,
        149.32087291196393,
        1594.451118712789,
        513.5469962824567,
        560.8557156328288
    ],
    "val_loss": [
        0.5222529158592224,
        0.3313912261724472,
        0.39334670066833494,
        0.5459915590286255,
        0.7281368956565857,
        0.7031125826835632,
        2.4434733810424807,
        0.5438729255199433,
        2.0425913667678834,
        0.5144046604633331,
        1.6400876212120057,
        0.525075829744339,
        1.9705892162322998,
        0.8735733113288879,
        1.2456254148483277,
        2.037465323448181,
        0.5368180017471313,
        1.0610219073295593,
        1.1009205622673035,
        0.6723593757152557,
        0.7117221238613128,
        0.6357405006885528
    ],
    "train_mae": [
        0.21611083687582286,
        0.23195076410443882,
        0.21906728338739062,
        0.4383120006334866,
        0.43399095172128166,
        0.675671114542213,
        0.7602423265321258,
        0.7070759309142498,
        0.6678116932616374,
        0.3836016009701463,
        0.5956448089980407,
        0.5630617026475981,
        0.4743864729715378,
        0.567845305527325,
        0.6172115228627504,
        0.7847839495446627,
        0.8160987830114028,
        0.4444408295197789,
        0.43090592689384505,
        0.3665741548197267,
        0.33648294168416587,
        0.3498604860970861
    ],
    "val_mae": [
        0.23708264124393463,
        0.1617759521007538,
        0.19868812215328216,
        0.2738678412437439,
        0.4234713463783264,
        0.3951215114593506,
        1.1598939409255982,
        0.16884477508068085,
        1.0064503531455993,
        0.20570406079292297,
        0.6149336910247802,
        0.23171869099140166,
        0.967433250427246,
        0.48006238031387327,
        0.6239103217124939,
        0.9824547729492188,
        0.22051535201072692,
        0.372272625207901,
        0.43722854351997376,
        0.33159233260154725,
        0.3676802427768707,
        0.32156218028068545
    ]
}